id;date_debut;date_fin;salaire;document
1;2021-03-03;2021-03-03;97013;Fish Fresh Wooden
2;2021-03-04;2021-03-03;89833;Ergonomic
3;2021-03-03;2021-03-03;84032;Mouse
4;2021-03-03;2021-03-03;35986;Checking Account real-time
5;2021-03-03;2021-03-03;10164;eyeballs aggregate quantifying
6;2021-03-03;2021-03-04;44719;programming Buckinghamshire
7;2021-03-03;2021-03-03;67550;Fantastic Rubber Gloves
8;2021-03-04;2021-03-04;14268;Vermont platforms Customizable
9;2021-03-04;2021-03-03;16636;24/7
10;2021-03-03;2021-03-03;81103;Run Common encoding
