id;prenom;nom;date_naissance;lieu_naissance;cni;profession;numero_caisse_securite;numero_ipres;matricule;image_url;prenom_pere;prenom_mere;nom_mere;situation_matrimoniale;sexe;trimf;statut;date_embauche;nationalite
1;West Virginia Cotton;Bangladesh;2021-03-04;Extensions programming real-time;Money Market Account withdrawal deposit;relationships;Saint Pierre and Miquelon;Fully-configurable Avon Grocery;Facilitator;online Secured;bluetooth FTP Dale;Mississippi eco-centric;Shirt Montana Internal;MARIER;HOMME;Bedfordshire Cambridgeshire;Money Market Account Euro;2021-03-03;copying
2;Interactions Organic;plug-and-play;2021-03-04;Bulgarian Lev;AI;Toys e-markets;integrate Accountability Function-based;forecast quantify;5th generation;Kansas Savings Account Wooden;pink interface Salad;Fresh IB parse;Awesome Plastic Table;CELIBATAIRE;FEMME;withdrawal;program;2021-03-03;national
3;uniform Fresh;3rd generation;2021-03-03;Tanzanian Shilling;Gorgeous;hard drive Avon;programming;Alaska;Robust portals Quality;end-to-end Yuan Renminbi;Devolved port;Mountain optical leverage;Handmade Metal Chicken JBOD;MARIER;FEMME;Assimilated;functionalities;2021-03-04;Cambridgeshire Plastic
4;neutral navigate;Iraq Expressway e-markets;2021-03-03;Product Serbian Dinar;auxiliary;engage SSL Auto Loan Account;green;definition black;Technician orange;Wooden;Avon;hack;Shoes;CELIBATAIRE;FEMME;USB;JBOD copying;2021-03-03;Books Electronics
5;scale Singapore Dollar disintermediate;lime Park;2021-03-03;Checking Account;methodologies payment;microchip Soft;Direct bi-directional;Product;open-source;leading-edge Programmable;Fantastic Metal Chicken SAS Handmade;eyeballs;back up Singapore Dollar;CELIBATAIRE;FEMME;Generic system;withdrawal;2021-03-03;Director Ball Technician
6;Lithuania Romania Progressive;hack;2021-03-04;zero administration EXE;Frozen Russian Federation Cotton;mobile Cambridgeshire;Incredible open-source hierarchy;Island Unbranded visionary;Small SCSI Division;matrices grey Engineer;Avon analyzing;Alabama Burundi Franc Bike;recontextualize upward-trending;MARIER;FEMME;secured line e-business deposit;withdrawal Cambridgeshire Executive;2021-03-03;Dynamic Corporate
7;GB Keyboard maximized;Metal;2021-03-03;copy granular;Orchestrator Soap productize;generating;THX;Reverse-engineered Implemented;moratorium Malta killer;migration;Peso Uruguayo Uruguay Peso en Unidades Indexadas;Directives;value-added New Leu;CELIBATAIRE;HOMME;Indian Rupee plug-and-play Human;Netherlands Antillian Guilder 24/365 redundant;2021-03-03;neutral
8;Egyptian Pound mint green;calculating Home Loan Account Florida;2021-03-04;program;Chips Brunei Dollar;Assistant Liaison;Forward Team-oriented;Industrial;Berkshire Avon online;Designer Object-based Soap;Tasty Granite Fish knowledge user;e-business Personal Loan Account Organic;Regional neural;CELIBATAIRE;FEMME;24/365;multi-byte;2021-03-04;North Dakota Program
9;bandwidth Liaison;Brand innovate;2021-03-04;Bulgarian Lev Lilangeni;grey green;generate maroon;white Pennsylvania;stable;Direct Investment Account Texas;back up Avon;installation online;Berkshire;Kwanza Texas;MARIER;FEMME;Montenegro Cambridgeshire Borders;Quality-focused;2021-03-04;e-services Cotton brand
10;Rubber;auxiliary wireless;2021-03-03;Orchestrator hard drive;Credit Card Account Awesome;Berkshire withdrawal distributed;Investor;Orchestrator input;visionary Integrated alarm;Consultant green override;Washington Senior;pricing structure withdrawal;transmitter Intelligent Concrete Keyboard;CELIBATAIRE;FEMME;Synchronised composite;Security;2021-03-03;purple Courts Manager
